{
  "total_documents": 7519,
  "tokenization_time_seconds": 3.4543800354003906,
  "build_time_seconds": 0.14697504043579102,
  "average_tokens_per_doc": 159.67282883362148
}